2022-09-03,Notre Dame vs. Ohio State,ABC,7:30p,10.53,Independent vs B10,Notre Dame,Ohio State,Independent,B10
2022-09-03,FSU vs. LSU,ABC,7:30p,7.55,ACC vs SEC,FSU,LSU,ACC,SEC
2022-09-03,Oregon vs. Georgia,ABC,3:30p,6.2,P12 vs SEC,Oregon,Georgia,P12,SEC
2022-09-05,Clemson vs. Georgia Tech,ESPN,8:00p,4.86,ACC vs ACC,Clemson,Georgia Tech,ACC,ACC
2022-08-27,Nebraska vs. Northwestern,FOX,12:30p,4.42,B10 vs B10,Nebraska,Northwestern,B10,B10
2022-09-01,Penn State vs. Purdue,ABC,8:00p,3.93,B10 vs B10,Penn State,Purdue,B10,B10
2022-09-03,Colorado State vs. Michigan,FOX,12:00p,3.51,MWC vs B10,Colorado State,Michigan,MWC,B10
2022-09-01,West Virginia vs. Pitt,ESPN,7:00p,3.15,B12 vs ACC,West Virginia,Pitt,B12,ACC
2022-09-03,Utah vs. Florida,ESPN,7:00p,2.95,P12 vs SEC,Utah,Florida,P12,SEC
2022-09-03,Cincinnati vs. Arkansas,ESPN,3:30p,2.9,AAC vs SEC,Cincinnati,Arkansas,AAC,SEC
2022-09-10,Alabama vs. Texas,FOX,12:00p,10.6,SEC vs B12,Alabama,Texas,SEC,B12
2022-09-10,Tennessee vs. Pitt,ABC,3:30p,4.46,SEC vs ACC,Tennessee,Pitt,SEC,ACC
2022-09-10,Kentucky vs. Florida,ESPN,7:00p,4.33,SEC vs SEC,Kentucky,Florida,SEC,SEC
2022-09-10,Washington State vs. Wisconsin,FOX,3:30p,3.92,P12 vs B10,Washington State,Wisconsin,P12,B10
2022-09-10,USC vs. Stanford,ABC,7:30p,2.96,P12 vs P12,USC,Stanford,P12,P12
2022-09-10,Marshall vs. Notre Dame,NBC,2:30p,2.48,SBC vs Independent,Marshall,Notre Dame,SBC,Independent
2022-09-09,Baylor vs. BYU,ESPN,10:15p,2.37,B12 vs Independent,Baylor,BYU,B12,Independent
2022-09-09,Louisville vs. UCF,ESPN,7:30p,1.85,ACC vs AAC,Louisville,UCF,ACC,AAC
2022-09-03,App State vs. Texas A&M,ESPN,3:30p,1.77,SBC vs SEC,App State,Texas A&M,SBC,SEC
2022-09-10,Ohio vs. Penn State,ABC,12:00p,1.55,MAC vs B10,Ohio,Penn State,MAC,B10
2022-09-17,Penn State vs. Auburn,CBS,3:30p,4.05,B10 vs SEC,Penn State,Auburn,B10,SEC
2022-09-17,Oklahoma vs. Nebraska,FOX,12:00p,3.41,B12 vs B10,Oklahoma,Nebraska,B12,B10
2022-09-17,Miami vs. Texas A&M,ESPN,9:00p,3.4,ACC vs SEC,Miami,Texas A&M,ACC,SEC
2022-09-17,Mississippi State vs. LSU,ESPN,7:00p,3.06,SEC vs SEC,Mississippi State,LSU,SEC,SEC
2022-09-17,Toledo vs. Ohio State,FOX,7:00p,3.05,MAC vs B10,Toledo,Ohio State,MAC,B10
2022-09-17,Georgia vs. South Carolina,ESPN,12:00p,3,SEC vs SEC,Georgia,South Carolina,SEC,SEC
2022-09-17,Cal vs. Notre Dame,NBC,2:30p,2.91,P12 vs Independent,Cal,Notre Dame,P12,Independent
2022-09-17,Michigan State vs. Washington,ABC,7:30p,2.79,B10 vs P12,Michigan State,Washington,B10,P12
2022-09-16,FSU vs. Louisville,ESPN,7:30p,2.75,ACC vs ACC,FSU,Louisville,ACC,ACC
2022-09-17,BYU vs. Oregon,FOX,3:30p,2.58,Independent vs P12,BYU,Oregon,Independent,P12
2022-09-24,Florida vs. Tennessee,CBS,3:30p,5.57,SEC vs SEC,Florida,Tennessee,SEC,SEC
2022-09-24,Wisconsin vs. Ohio State,ABC,7:30p,4.59,B10 vs B10,Wisconsin,Ohio State,B10,B10
2022-09-24,Maryland vs. Michigan,FOX,12:00p,4.38,B10 vs B10,Maryland,Michigan,B10,B10
2022-09-24,Arkansas vs. Texas A&M,ESPN,7:00p,3.5,SEC vs SEC,Arkansas,Texas A&M,SEC,SEC
2022-09-24,North Carolina vs. Notre Dame,ABC,3:30p,3.46,Independent vs ACC,North Carolina,Notre Dame,Independent,ACC
2022-09-24,Kansas State vs. Oklahoma,FOX,3:30p,3.37,B12 vs B12,Kansas State,Oklahoma,B12,B12
2022-09-24,Clemson vs. Wake Forest,ABC,12:00p,3.18,ACC vs ACC,Clemson,Wake Forest,ACC,ACC
2022-09-24,Texas vs. Texas Tech,ESPN,3:30p,2.28,B12 vs B12,Texas,Texas Tech,B12,B12
2022-09-24,Oregon vs. Washington State,FOX,4:00p,2.27,P12 vs P12,Oregon,Washington State,P12,P12
2022-10-01,Oklahoma vs. TCU,ABC,12:00p,2.47,B12 vs B12,Oklahoma,TCU,B12,B12
2022-10-01,Oklahoma State vs. Baylor,FOX,3:30p,2.41,B12 vs B12,Oklahoma State,Baylor,B12,B12
2022-10-01,Arizona State vs. USC,ESPN,10:30p,1.92,P12 vs P12,Arizona State,USC,P12,P12
2022-10-01,Texas A&M vs. Alabama,CBS,8:00p,7.15,SEC vs SEC,Texas A&M,Alabama,SEC,SEC
2022-10-08,Michigan vs. Indiana,FOX,12:00p,4.01,B10 vs B10,Michigan,Indiana,B10,B10
2022-10-08,Auburn vs. Georgia,CBS,3:30p,4.24,SEC vs SEC,Auburn,Georgia,SEC,SEC
2022-10-08,Ohio State vs. Michigan State,ABC,4:00p,4.44,B10 vs B10,Ohio State,Michigan State,B10,B10
2022-10-08,Texas vs. Oklahoma,ABC,12:00p,3.36,B12 vs B12,Texas,Oklahoma,B12,B12
2022-10-08,Tennessee vs. LSU,ESPN,12:00p,2.96,SEC vs SEC,Tennessee,LSU,SEC,SEC
2022-10-08,Utah vs. UCLA,FOX,3:30p,2.65,P12 vs P12,Utah,UCLA,P12,P12
2022-10-08,BYU vs. Notre Dame,NBC,7:30p,2.53,Independent vs Independent,BYU,Notre Dame,Independent,Independent
2022-10-08,Clemson vs. Boston College,ABC,7:30p,1.93,ACC vs ACC,Clemson,Boston College,ACC,ACC
2022-10-08,Washington St vs. USC,FOX,7:30p,1.84,P12 vs P12,Washington State,USC,P12,P12
2022-10-15,Alabama vs. Tennessee,CBS,3:30p,11.56,SEC vs SEC,Alabama,Tennessee,SEC,SEC
2022-10-15,Penn State vs. Michigan,FOX,12:00p,6.45,B10 vs B10,Penn State,Michigan,B10,B10
2022-10-15,Clemson vs. FSU,ABC,7:30p,3.38,ACC vs ACC,Clemson,FSU,ACC,ACC
2022-10-15,USC vs. Utah,FOX,8:00p,2.74,P12 vs P12,USC,Utah,P12,P12
2022-10-15,LSU vs. Florida,ESPN,7:00p,2.46,SEC vs SEC,LSU,Florida,SEC,SEC
2022-10-15,Wisconsin vs. Michigan State,FOX,4:00p,2.45,B10 vs B10,Wisconsin,Michigan State,B10,B10
2022-10-15,Iowa State vs. Texas,ABC,12:00p,2.35,B12 vs B12,Iowa State,Texas,B12,B12
2022-10-15,Stanford vs. Notre Dame,NBC,7:30p,2.15,P12 vs Independent,Stanford,Notre Dame,P12,Independent
2022-10-15,Oklahoma State vs. TCU,ABC,3:30p,2.14,B12 vs B12,Oklahoma State,TCU,B12,B12
2022-10-15,Auburn vs. Mississippi,ESPN,7:30p,2.06,SEC vs SEC,Auburn,Mississippi,SEC,SEC
2022-10-22,Syracuse vs. Clemson,ABC,12:00p,4.75,ACC vs ACC,Syracuse,Clemson,ACC,ACC
2022-10-22,Syracuse vs. Clemson,ABC,12:00p,4.75,ACC vs ACC,Syracuse,Clemson,ACC,ACC
2022-10-22,Texas vs. Oklahoma State,ABC,3:30p,4.46,B12 vs B12,Texas,Oklahoma State,B12,B12
2022-10-22,Iowa vs. Ohio State,FOX,12:00p,4.38,B10 vs B10,Iowa,Ohio State,B10,B10
2022-10-22,Mississippi vs. LSU,CBS,3:30p,3.86,SEC vs SEC,Mississippi,LSU,SEC,SEC
2022-10-22,Mississippi State vs. Alabama,ESPN,7:00p,3.59,SEC vs SEC,Mississippi State,Alabama,SEC,SEC
2022-10-22,Minnesota vs. Penn State,ABC,7:30p,3.54,B10 vs B10,Minnesota,Penn State,B10,B10
2022-10-22,UCLA vs. Oregon,FOX,3:30p,3.34,P12 vs P12,UCLA,Oregon,P12,P12
2022-10-22,Kansas State vs. TCU,FS1,8:00p,1.53,B12 vs B12,Kansas State,TCU,B12,B12
2022-10-22,Washington vs. Cal,ESPN,10:30p,1.32,P12 vs P12,Washington,Cal,P12,P12
2022-10-22,Purdue vs. Wisconsin,ESPN,3:30p,1.01,B10 vs B10,Purdue,Wisconsin,B10,B10
2022-10-29,Ohio State vs. Penn State,FOX,12:00p,8.27,B10 vs B10,Ohio State,Penn State,B10,B10
2022-10-29,Florida vs. Georgia,CBS,3:30p,5.62,SEC vs SEC,Florida,Georgia,SEC,SEC
2022-10-29,Michigan State vs. Michigan,ABC,7:30p,5.58,B10 vs B10,Michigan State,Michigan,B10,B10
2022-10-29,Kentucky vs. Tennessee,ESPN,7:00p,4.04,SEC vs SEC,Kentucky,Tennessee,SEC,SEC
2022-10-29,Oklahoma State vs. Kansas State,FOX,3:30p,3.38,B12 vs B12,Oklahoma State,Kansas State,B12,B12
2022-10-29,Illinois vs. Nebraska,ABC,3:30p,2.49,B10 vs B10,Illinois,Nebraska,B10,B10
2022-10-29,Notre Dame vs. Syracuse,ABC,12:00p,2.34,Independent vs ACC,Notre Dame,Syracuse,Independent,ACC
2022-10-29,TCU vs. West Virginia,ESPN,12:00p,1.51,B12 vs B12,TCU,West Virginia,B12,B12
2022-10-29,Stanford vs. UCLA,ESPN,10:30p,1.26,P12 vs P12,Stanford,UCLA,P12,P12
2022-10-27,Virginia Tech vs. NC State,ESPN,7:30p,1.23,ACC vs ACC,Virginia Tech,NC State,ACC,ACC
2022-11-05,Tennessee vs. Georgia,CBS,3:30p,13.06,SEC vs SEC,Tennessee,Georgia,SEC,SEC
2022-11-05,Alabama vs. LSU,ESPN,7:00p,7.58,SEC vs SEC,Alabama,LSU,SEC,SEC
2022-11-05,Ohio State vs. Northwestern,ABC,12:00p,4.76,B10 vs B10,Ohio State,Northwestern,B10,B10
2022-11-05,Clemson vs. Notre Dame,NBC,7:30p,3.22,ACC vs Independent,Clemson,Notre Dame,ACC,Independent
2022-11-05,Florida vs. Texas A&M,ESPN,12:00p,2.73,SEC vs SEC,Florida,Texas A&M,SEC,SEC
2022-11-05,Texas Tech vs. TCU,FOX,7:30p,2.23,B12 vs B12,Texas Tech,TCU,B12,B12
2022-11-05,Penn State vs. Indiana,ABC,3:30p,2.17,B10 vs B10,Penn State,Indiana,B10,B10
2022-11-05,Cal vs. USC,ESPN,10:30p,1.84,P12 vs P12,Cal,USC,P12,P12
2022-11-05,FSU vs. Miami,ABC,7:30p,1.5,ACC vs ACC,FSU,Miami,ACC,ACC
2022-11-05,Michigan vs. Rutgers,BTN,7:30p,1.29,B10 vs B10,Michigan,Rutgers,B10,B10
2022-11-12,Alabama vs. Mississippi,CBS,3:30p,8.71,SEC vs SEC,Alabama,Mississippi,SEC,SEC
2022-11-12,TCU vs. Texas,ABC,7:30p,5.03,B12 vs B12,TCU,Texas,B12,B12
2022-11-12,Nebraska vs. Michigan,ABC,3:30p,3.88,B10 vs B10,Nebraska,Michigan,B10,B10
2022-11-12,Washington vs. Oregon,FOX,7:00p,3.57,P12 vs P12,Washington,Oregon,P12,P12
2022-11-12,LSU vs. Arkansas,ESPN,12:00p,3.57,SEC vs SEC,LSU,Arkansas,SEC,SEC
2022-11-12,Georgia vs. Mississippi State,ESPN,7:00p,3.34,SEC vs SEC,Georgia,Mississippi State,SEC,SEC
2022-11-12,Indiana vs. Ohio State,FOX,12:00p,3.34,B10 vs B10,Indiana,Ohio State,B10,B10
2022-11-12,Missouri vs. Tennessee,CBS,12:00p,3.01,SEC vs SEC,Missouri,Tennessee,SEC,SEC
2022-11-12,Notre Dame vs. Navy,ABC,12:00p,2.07,Independent vs ACC,Notre Dame,Navy,Independent,ACC
2022-11-12,Maryland vs. Penn State,FOX,3:30p,1.88,B10 vs B10,Maryland,Penn State,B10,B10
2022-11-19,Ohio State vs Maryland,ABC,3:30p,6.6,B10 vs B10,Ohio State,Maryland,B10,B10
2022-11-19,Illinois vs Michigan,ABC,12:00p,5.47,B10 vs B10,Illinois,Michigan,B10,B10
2022-11-19,Tennessee vs South Carolina,ESPN,7:00p,4.87,SEC vs SEC,Tennessee,South Carolina,SEC,SEC
2022-11-19,USC vs UCLA,FOX,8:00p,4.53,P12 vs P12,USC,UCLA,P12,P12
2022-11-19,Georgia vs Kentucky,CBS,3:30p,4.48,SEC vs SEC,Georgia,Kentucky,SEC,SEC
2022-11-19,TCU vs Baylor,FOX,12:00p,4.35,B12 vs B12,TCU,Baylor,B12,B12
2022-11-19,Oklahoma State vs Oklahoma,ABC,7:30p,3.06,B12 vs B12,Oklahoma State,Oklahoma,B12,B12
2022-11-19,Utah vs Oregon,ESPN,10:30p,2.54,P12 vs P12,Utah,Oregon,P12,P12
2022-11-19,Iowa vs Minnesota,FOX,4:00p,2.5,B10 vs B10,Iowa,Minnesota,B10,B10
2022-11-19,Wisconsin vs Nebraska,ESPN,12:00p,1.63,B10 vs B10,Wisconsin,Nebraska,B10,B10
2022-11-19,Boston College vs Notre Dame,NBC,2:30p,1.27,ACC vs Independent,Boston College,Notre Dame,ACC,Independent
2022-11-26,Michigan vs Ohio State,FOX,12:00p,17.14,B10 vs B10,Michigan,Ohio State,B10,B10
2022-11-25,Florida vs FSU,ABC,7:30p,6.71,SEC vs ACC,Florida,FSU,SEC,ACC
2022-11-26,Notre Dame vs USC,ABC,8:00p,6.68,Independent vs P12,Notre Dame,USC,Independent,P12
2022-11-26,Auburn vs Alabama,CBS,3:30p,6.27,SEC vs SEC,Auburn,Alabama,SEC,SEC
2022-11-26,Iowa State vs TCU,FOX,4:00p,4.34,B12 vs B12,Iowa State,TCU,B12,B12
2022-11-26,LSU vs Texas A&M,ESPN,7:00p,3.92,SEC vs SEC,LSU,Texas A&M,SEC,SEC
2022-11-25,NC State vs North Carolina,ABC,3:30p,3.61,ACC vs ACC,NC State,North Carolina,ACC,ACC
2022-11-25,Oregon vs Oregon State,ABC,3:30p,3.56,P12 vs P12,Oregon,Oregon State,P12,P12
2022-11-25,Arkansas vs Missouri,CBS,3:30p,3.27,SEC vs SEC,Arkansas,Missouri,SEC,SEC
2022-11-25,UCLA vs Cal,FOX,4:30p,3.27,P12 vs P12,UCLA,Cal,P12,P12
2023-09-03,FSU vs LSU,ABC,7:30p,9.17,ACC vs  SEC,FSU,LSU,ACC,SEC
2023-09-02,Colorado vs TCU,FOX,12:00p,7.26,P12 vs  B12,Colorado,TCU,P12,B12
2023-09-02,Ohio State vs Indiana,CBS,3:30p,4.65,B10 vs  B10,Ohio State,Indiana,B10,B10
2023-09-04,Clemson vs Duke,ESPN,8:00p,4.39,ACC vs  ACC,Clemson,Duke,ACC,ACC
2023-09-02,West Virginia vs Penn State,NBC,7:30p,3.5,B12 vs  B10,West Virginia,Penn State,B12,B10
2023-08-31,Nebraska vs Minnesota,FOX,8:00p,3.49,B10 vs  B10,Nebraska,Minnesota,B10,B10
2023-09-02,North Carolina vs South Carolina,ABC,7:30p,3.4,ACC vs  SEC,North Carolina,South Carolina,ACC,SEC
2023-09-02,Oregon State vs San Jose State,CBS,3:30p,3.23,P12 vs  MWC,Oregon State,San Jose State,P12,MWC
2023-09-02,Rice vs Texas,FOX,3:30p,3.21,AAC vs  B12,Rice,Texas,AAC,B12
2023-08-31,Florida vs Utah,ESPN,8:00p,3.19,SEC vs  P12,Florida,Utah,SEC,P12
2023-09-09,Texas vs Alabama,ESPN,7:00p,8.76,B12 vs  SEC,Texas,Alabama,B12,SEC
2023-09-09,Nebraska vs Colorado,FOX,12:00p,8.73,B10 vs  P12,Nebraska,Colorado,B10,P12
2023-09-09,Texas A&M vs Miami,ABC,5:19p,4.02,SEC vs  ACC,Texas A&M,Miami,SEC,ACC
2023-09-09,Iowa vs Iowa State,FOX,3:30p,3.38,B10 vs  B12,Iowa,Iowa State,B10,B12
2023-09-09,UNLV vs Michigan,CBS,3:30p,2.97,MWC vs  B10,UNLV,Michigan,MWC,B10
2023-09-09,Notre Dame vs NC State,ABC,12:00p,2.93,Independent vs  ACC,Notre Dame,NC State,Independent,ACC
2023-09-09,Oregon vs Texas Tech,FOX,7:00p,2.55,P12 vs  B12,Oregon,Texas Tech,P12,B12
2023-09-09,Wisconsin vs Washington St.,ABC,7:30p,2.28,B10 vs  P12,Wisconsin,Washington St.,B10,P12
2023-09-09,Auburn vs Cal,ESPN,10:30p,2.23,SEC vs  P12,Auburn,Cal,SEC,P12
2023-09-09,Stanford vs USC,FOX,10:30p,1.75,P12 vs  P12,Stanford,USC,P12,P12
2023-09-16,Colorado State vs Colorado,ESPN,10:00p,9.3,MWC vs  P12,Colorado State,Colorado,MWC,P12
2023-09-16,South Carolina vs Georgia,CBS,3:30p,5.42,SEC vs  SEC,South Carolina,Georgia,SEC,SEC
2023-09-16,Tennessee vs Florida,ESPN,7:00p,5.31,SEC vs  SEC,Tennessee,Florida,SEC,SEC
2023-09-16,Alabama vs USF,ABC,3:30p,4.84,SEC vs  AAC,Alabama,USF,SEC,AAC
2023-09-16,FSU vs Boston College,ABC,12:00p,3.48,ACC vs  ACC,FSU,Boston College,ACC,ACC
2023-09-16,Penn State vs Illinois,FOX,12:00p,3.22,B10 vs  B10,Penn State,Illinois,B10,B10
2023-09-16,WKU vs Ohio State,FOX,4:00p,2.82,C-USA vs  B10,WKU,Ohio State,C-USA,B10
2023-09-16,LSU vs Mississippi St.,ESPN,12:00p,2.8,SEC vs  SEC,LSU,Mississippi St.,SEC,SEC
2023-09-16,Pittsburgh vs West Virginia,ABC,7:30p,2.41,ACC vs  B12,Pittsburgh,West Virginia,ACC,B12
2023-09-16,Minnesota vs North Carolina,ESPN,3:30p,1.58,B10 vs  ACC,Minnesota,North Carolina,B10,ACC
2023-09-23,Colorado vs Oregon,ABC,3:30p,10.03,B12 vs  P12,Colorado,Oregon,B12,P12
2023-09-23,Ohio State vs Notre Dame,NBC,7:30p,9.99,B10 vs  Independent,Ohio State,Notre Dame,B10,Independent
2023-09-23,FSU vs Clemson,ABC,12:00p,6.71,ACC vs  ACC,FSU,Clemson,ACC,ACC
2023-09-23,Mississippi vs Alabama,CBS,3:30p,4.61,SEC vs  SEC,Mississippi,Alabama,SEC,SEC
2023-09-23,Iowa vs Penn State,CBS,7:30p,2.75,B10 vs  B10,Iowa,Penn State,B10,B10
2023-09-23,USC vs Arizona State,FOX,10:30p,2.63,P12 vs  P12,USC,Arizona State,P12,P12
2023-09-23,Texas vs Baylor,ABC,7:30p,2.63,B12 vs  B12,Texas,Baylor,B12,B12
2023-09-23,Arkansas vs LSU,ESPN,7:00p,2.44,SEC vs  SEC,Arkansas,LSU,SEC,SEC
2023-09-23,Auburn vs Texas A&M,ESPN,12:00p,2.18,SEC vs  SEC,Auburn,Texas A&M,SEC,SEC
2023-09-23,Oklahoma vs Cincinnati,FOX,12:00p,2.17,B12 vs  B12,Oklahoma,Cincinnati,B12,B12
2023-09-23,USC vs Colorado,FOX,12:00p,7.24,P12 vs  B12,USC,Colorado,P12,B12
2023-09-30,Georgia vs Auburn,CBS,3:30p,6.4,SEC vs  SEC,Georgia,Auburn,SEC,SEC
2023-09-30,Notre Dame vs Duke,ABC,7:30p,5.32,Independent vs  ACC,Notre Dame,Duke,Independent,ACC
2023-09-30,Michigan vs Nebraska,FOX,3:30p,4.48,B10 vs  B10,Michigan,Nebraska,B10,B10
2023-09-30,LSU vs Mississippi St.,ESPN,6:00p,3.72,SEC vs  SEC,LSU,Mississippi St.,SEC,SEC
2023-09-30,Alabama vs Mississippi St.,ESPN,9:00p,3.35,SEC vs  SEC,Alabama,Mississippi St.,SEC,SEC
2023-09-30,Kansas vs Texas,ABC,3:30p,3.32,B12 vs  B12,Kansas,Texas,B12,B12
2023-09-30,Florida vs Kentucky,ESPN,12:00p,2.32,SEC vs  SEC,Florida,Kentucky,SEC,SEC
2023-09-30,Michigan State vs Iowa,NBC,7:30p,2.17,B10 vs  B10,Michigan State,Iowa,B10,B10
2023-09-30,Clemson vs Syracuse,ABC,12:00p,1.97,ACC vs  ACC,Clemson,Syracuse,ACC,ACC
2023-10-07,Oklahoma vs Texas,ABC,12:00p,7.87,B12 vs  B12,Oklahoma,Texas,B12,B12
2023-10-07,Alabama vs Texas A&M,CBS,3:30p,7.23,SEC vs  SEC,Alabama,Texas A&M,SEC,SEC
2023-10-07,Notre Dame vs Louisville,ABC,7:30p,5.12,Independent vs  ACC,Notre Dame,Louisville,Independent,ACC
2023-10-07,Maryland vs Ohio State,FOX,12:00p,4.51,B10 vs  B10,Maryland,Ohio State,B10,B10
2023-10-07,Kentucky vs Georgia,ESPN,7:00p,3.19,SEC vs  SEC,Kentucky,Georgia,SEC,SEC
2023-10-07,Michigan vs Minnesota,NBC,7:30p,3.06,B10 vs  B10,Michigan,Minnesota,B10,B10
2023-10-07,Virginia Tech vs FSU,ABC,3:30p,3.02,ACC vs  ACC,Virginia Tech,FSU,ACC,ACC
2023-10-07,Arizona vs USC,ESPN,10:30p,2.55,P12 vs  P12,Arizona,USC,P12,P12
2023-10-07,LSU vs Missouri,ESPN,12:00p,2.34,SEC vs  SEC,LSU,Missouri,SEC,SEC
2023-10-06,Kansas State vs Oklahoma State,ESPN,7:30p,2.27,B12 vs  B12,Kansas State,Oklahoma State,B12,B12
2023-10-14,Oregon vs Washington,ABC,3:30p,7.04,P12 vs  P12,Oregon,Washington,P12,P12
2023-10-14,USC vs Notre Dame,NBC,7:30p,6.43,P12 vs  Independent,USC,Notre Dame,P12,Independent
2023-10-14,Texas A&M vs Tennessee,CBS,3:30p,4.38,SEC vs  SEC,Texas A&M,Tennessee,SEC,SEC
2023-10-14,Indiana vs Michigan,FOX,12:00p,3.55,B10 vs  B10,Indiana,Michigan,B10,B10
2023-10-14,Arkansas vs Alabama,ESPN,12:00p,3.43,SEC vs  SEC,Arkansas,Alabama,SEC,SEC
2023-10-14,Stanford vs Colorado,ESPN,10:00p,3.29,P12 vs  B12,Stanford,Colorado,P12,B12
2023-10-14,Miami vs North Carolina,ABC,7:30p,3.08,ACC vs  ACC,Miami,North Carolina,ACC,ACC
2023-10-14,Georgia vs Vanderbilt,CBS,12:00p,2.46,SEC vs  SEC,Georgia,Vanderbilt,SEC,SEC
2023-10-14,Iowa vs Wisconsin,FOX,4:00p,2.34,B10 vs  B10,Iowa,Wisconsin,B10,B10
2023-10-14,Auburn vs LSU,ESPN,7:00p,2.16,SEC vs  SEC,Auburn,LSU,SEC,SEC
2023-10-21,Penn State vs Ohio State,FOX,12:00p,9.96,B10 vs  B10,Penn State,Ohio State,B10,B10
2023-10-21,Tennessee vs Alabama,CBS,3:30p,8.01,SEC vs  SEC,Tennessee,Alabama,SEC,SEC
2023-10-21,Duke vs FSU,ABC,7:30p,4.08,ACC vs  ACC,Duke,FSU,ACC,ACC
2023-10-21,Michigan vs Michigan St,NBC,12:00p,3.73,B10 vs  B10,Michigan,Michigan St,B10,B10
2023-10-21,Utah vs USC,FOX,8:00p,3.23,P12 vs  P12,Utah,USC,P12,P12
2023-10-21,Texas vs Houston,FOX,4:00p,3.06,B12 vs  B12,Texas,Houston,B12,B12
2023-10-21,Washington St vs Oregon,ABC,3:30p,2.35,B12 vs  P12,Washington St,Oregon,B12,P12
2023-10-21,UCF vs Oklahoma,ABC,2:30p,2.17,B12 vs  B12,UCF,Oklahoma,B12,B12
2023-10-21,Mississippi vs Auburn,ESPN,7:00p,1.8,SEC vs  SEC,Mississippi,Auburn,SEC,SEC
2023-10-21,Minnesota vs Iowa,NBC,3:30p,1.68,B10 vs  B10,Minnesota,Iowa,B10,B10
2023-10-28,Georgia vs Florida,CBS,3:30p,5.95,SEC vs  SEC,Georgia,Florida,SEC,SEC
2023-10-28,Ohio State vs Wisconsin,NBC,7:30p,4.87,B10 vs  B10,Ohio State,Wisconsin,B10,B10
2023-10-28,Colorado vs UCLA,ABC,7:30p,4.66,P12 vs  P12,Colorado,UCLA,P12,P12
2023-10-28,Oklahoma vs Kansas,FOX,12:00p,3.6,B12 vs  B12,Oklahoma,Kansas,B12,B12
2023-10-28,Indiana vs Penn State,CBS,12:00p,3.04,B10 vs  B10,Indiana,Penn State,B10,B10
2023-10-28,Oregon vs Utah,FOX,3:30p,2.81,P12 vs  P12,Oregon,Utah,P12,P12
2023-10-28,Tennessee vs Kentucky,ESPN,7:00p,2.51,SEC vs  SEC,Tennessee,Kentucky,SEC,SEC
2023-10-28,BYU vs Texas,ABC,3:30p,2.38,B12 vs  B12,BYU,Texas,B12,B12
2023-10-28,FSU vs Wake Forest,ABC,12:00p,2.04,ACC vs  ACC,FSU,Wake Forest,ACC,ACC
2023-10-28,South Carolina vs Texas A&M,ESPN,12:00p,1.9,SEC vs  SEC,South Carolina,Texas A&M,SEC,SEC
2023-11-04,LSU vs Alabama,CBS,7:45p,8.82,SEC vs  SEC,LSU,Alabama,SEC,SEC
2023-11-04,Missouri vs Georgia,CBS,3:30p,7,SEC vs  SEC,Missouri,Georgia,SEC,SEC
2023-11-04,Washington vs USC,ABC,7:30p,4.45,P12 vs  P12,Washington,USC,P12,P12
2023-11-04,Ohio State vs Rutgers,CBS,12:00p,3.96,B10 vs  B10,Ohio State,Rutgers,B10,B10
2023-11-04,Oklahoma vs Oklahoma State,ABC,3:30p,3.76,B12 vs  B12,Oklahoma,Oklahoma State,B12,B12
2023-11-04,Notre Dame vs Clemson,ABC,12:00p,3.24,Independent vs  ACC,Notre Dame,Clemson,Independent,ACC
2023-11-04,Kansas State vs Texas,FOX,12:00p,2.95,B12 vs  B12,Kansas State,Texas,B12,B12
2023-11-04,Oregon State vs Colorado,ESPN,10:00p,2.77,P12 vs  P12,Oregon State,Colorado,P12,P12
2023-11-04,Purdue vs Michigan,NBC,7:30p,2.6,B10 vs  B10,Purdue,Michigan,B10,B10
2023-11-04,Penn State vs Maryland,FOX,3:30p,2.39,B10 vs  B10,Penn State,Maryland,B10,B10
2023-11-11,Michigan vs Penn State,FOX,12:00p,9.16,B10 vs  B10,Michigan,Penn State,B10,B10
2023-11-11,Utah vs Washington,FOX,3:30p,5.17,P12 vs  P12,Utah,Washington,P12,P12
2023-11-11,Mississippi vs Georgia,ESPN,7:00p,4.83,SEC vs  SEC,Mississippi,Georgia,SEC,SEC
2023-11-11,Miami vs FSU,ABC,3:30p,4.14,ACC vs  ACC,Miami,FSU,ACC,ACC
2023-11-11,Tennessee vs Missouri,CBS,3:30p,3.62,SEC vs  SEC,Tennessee,Missouri,SEC,SEC
2023-11-11,Michigan State vs Ohio State,NBC,7:30p,3.57,B10 vs  B10,Michigan State,Ohio State,B10,B10
2023-11-11,USC vs Oregon,FOX,10:30p,3.01,P12 vs  P12,USC,Oregon,P12,P12
2023-11-11,Texas vs TCU,ABC,7:30p,2.82,B12 vs  B12,Texas,TCU,B12,B12
2023-11-11,Alabama vs Kentucky,ESPN,12:00p,2.76,SEC vs  SEC,Alabama,Kentucky,SEC,SEC
2023-11-11,West Virginia vs Oklahoma,FOX,7:00p,2.39,B12 vs  B12,West Virginia,Oklahoma,B12,B12
2023-11-18,Georgia vs Tennessee,CBS,3:00p,5.73,SEC vs  SEC,Georgia,Tennessee,SEC,SEC
2023-11-18,Michigan vs Maryland,FOX,12:30p,5.43,B10 vs  B10,Michigan,Maryland,B10,B10
2023-11-18,Washington vs Oregon State,ABC,7:30p,4.73,P12 vs  P12,Washington,Oregon State,P12,P12
2023-11-18,Louisville vs Miami,ABC,12:00p,2.89,ACC vs  ACC,Louisville,Miami,ACC,ACC
2023-11-18,USC vs UCLA,ABC,3:30p,2.65,P12 vs  P12,USC,UCLA,P12,P12
2023-11-18,Texas vs Iowa State,FOX,8:00p,2.47,B12 vs  B12,Texas,Iowa State,B12,B12
2023-11-18,Nebraska vs Wisconsin,NBC,7:30p,2.45,B10 vs  B10,Nebraska,Wisconsin,B10,B10
2023-11-18,Florida vs Missouri,ESPN,7:30p,2.27,SEC vs  SEC,Florida,Missouri,SEC,SEC
2023-11-18,Oklahoma vs BYU,ESPN,12:00p,2.17,B12 vs  Independent,Oklahoma,BYU,B12,Independent
2023-11-18,Minnesota vs Ohio State,BTN,4:00p,2.02,B10 vs  B10,Minnesota,Ohio State,B10,B10
2023-11-25,Ohio State vs Michigan,FOX,12:00p,19.07,B10 vs  B10,Ohio State,Michigan,B10,B10
2023-11-25,Alabama vs Auburn,CBS,3:30p,9.09,SEC vs  SEC,Alabama,Auburn,SEC,SEC
2023-11-25,Washington St. vs Washington,FOX,4:00p,5.85,P12 vs  P12,Washington St.,Washington,P12,P12
2023-11-25,Georgia vs Georgia Tech,ABC,7:30p,5.33,SEC vs  ACC,Georgia,Georgia Tech,SEC,ACC
2023-11-25,FSU vs Florida,ESPN,7:00p,5.07,ACC vs  SEC,FSU,Florida,ACC,SEC
2023-11-24,Iowa vs Nebraska,CBS,12:00p,4.39,B10 vs  B10,Iowa,Nebraska,B10,B10
2023-11-24,Oregon State vs Oregon,FOX,8:30p,4.12,P12 vs  P12,Oregon State,Oregon,P12,P12
2023-11-24,Missouri vs Arkansas,CBS,4:00p,4.09,SEC vs  SEC,Missouri,Arkansas,SEC,SEC
2023-11-24,Texas Tech vs Texas,ABC,7:30p,3.77,B12 vs  B12,Texas Tech,Texas,B12,B12
2023-11-24,Penn State vs Michigan State,NBC,7:30p,3.38,B10 vs  B10,Penn State,Michigan State,B10,B10
2024-09-01,USC vs LSU,ABC,7:30p,8.62,B10 vs  SEC,USC,LSU,B10,SEC
2024-08-31,Notre Dame vs Texas A&M,ABC,7:30p,7.92,Independent vs  SEC,Notre Dame,Texas A&M,Independent,SEC
2024-08-31,Clemson vs Georgia,ABC,12:00p,7.58,ACC vs  SEC,Clemson,Georgia,ACC,SEC
2024-08-31,Miami vs Florida,ABC,3:30p,6.35,ACC vs  SEC,Miami,Florida,ACC,SEC
2024-08-24,Florida State vs Georgia Tech,ESPN,12:00p,4.99,ACC vs  ACC,Florida State,Georgia Tech,ACC,ACC
2024-08-29,NDSU vs Colorado,ESPN,8:00p,4.76,MAC vs  B12,NDSU,Colorado,MAC,B12
2024-09-02,Boston College vs FSU,ESPN,7:30p,4.44,ACC vs  ACC,Boston College,FSU,ACC,ACC
2024-08-31,Penn State vs West Virginia,FOX,12:00p,2.99,B10 vs  B12,Penn State,West Virginia,B10,B12
2024-08-31,Akron vs Ohio State,CBS,3:30p,2.97,MAC vs  B10,Akron,Ohio State,MAC,B10
2024-08-31,Fresno State vs Michigan,NBC,12:00p,2.56,MWC vs  B10,Fresno State,Michigan,MWC,B10
2024-09-07,Texas vs Michigan,FOX,12:00p,9.19,SEC vs  B10,Texas,Michigan,SEC,B10
2024-09-07,Colorado vs Nebraska,NBC,7:30p,5.67,B12 vs  B10,Colorado,Nebraska,B12,B10
2024-09-07,Northern Illinois vs Notre Dame,NBC,3:30p,3.93,MAC vs  Independent,Northern Illinois,Notre Dame,MAC,Independent
2024-09-07,Tennessee vs NC State,ABC,7:30p,2.96,SEC vs  ACC,Tennessee,NC State,SEC,ACC
2024-09-07,Arkansas vs Oklahoma State,ABC,12:00p,2.8,SEC vs  B12,Arkansas,Oklahoma State,SEC,B12
2024-09-07,South Carolina vs Kentucky,ABC,3:30p,2.73,SEC vs  SEC,South Carolina,Kentucky,SEC,SEC
2024-09-07,USF vs Alabama,ESPN,7:00p,2.58,AAC vs  SEC,USF,Alabama,AAC,SEC
2024-09-07,Iowa State vs Iowa,CBS,3:30p,2.28,B12 vs  B10,Iowa State,Iowa,B12,B10
2024-09-07,Baylor vs Utah,FOX,3:30p,2.08,B12 vs  P12,Baylor,Utah,B12,P12
2024-09-07,Western Michigan vs Ohio State,BTN,7:30p,1.72,MAC vs  B10,Western Michigan,Ohio State,MAC,B10
2024-09-14,Georgia vs Kentucky,ABC,7:30p,6.6,SEC vs  SEC,Georgia,Kentucky,SEC,SEC
2024-09-14,Alabama vs Wisconsin,ABC,12:00p,5.03,SEC vs  B10,Alabama,Wisconsin,SEC,B10
2024-09-14,LSU vs South Carolina,ABC,12:00p,4.94,SEC vs  SEC,LSU,South Carolina,SEC,SEC
2024-09-14,Texas A&M vs Florida,ABC,3:30p,4.8,SEC vs  SEC,Texas A&M,Florida,SEC,SEC
2024-09-14,Colorado vs Colorado State,CBS,8:00p,3.25,B12 vs  MWC,Colorado,Colorado State,B12,MWC
2024-09-14,Oregon vs Oregon State,FOX,3:30p,2.82,B10 vs  P12,Oregon,Oregon State,B10,P12
2024-09-13,Arizona vs Kansas State,FOX,8:00p,2.58,B12 vs  B12,Arizona,Kansas State,B12,B12
2024-09-14,Notre Dame vs Purdue,CBS,3:30p,2.28,Independent vs  B1,Notre Dame,Purdue,Independent,B1
2024-09-14,Memphis vs FSU,ESPN,12:00p,1.59,AAC vs  ACC,Memphis,FSU,AAC,ACC
2024-09-14,UTSA vs Texas,ESPN,7:00p,1.48,AAC vs  SEC,UTSA,Texas,AAC,SEC
2024-09-21,USC vs Michigan,CBS,3:30p,6.32,B10 vs  B10,USC,Michigan,B10,B10
2024-09-21,Tennessee vs Oklahoma,ABC,7:30p,6.27,SEC vs  SEC,Tennessee,Oklahoma,SEC,SEC
2024-09-20,Illinois vs Nebraska,FOX,8:00p,4.21,B10 vs  B10,Illinois,Nebraska,B10,B10
2024-09-21,Marshall vs Ohio State,FOX,12:00p,3.96,C-USA vs  B10,Marshall,Ohio State,C-USA,B10
2024-09-21,Baylor vs Colorado,FOX,8:00p,3.64,B12 vs  B12,Baylor,Colorado,B12,B12
2024-09-21,UCLA vs LSU,ABC,3:30p,2.73,B10 vs  SEC,UCLA,LSU,B10,SEC
2024-09-21,Florida vs Mississippi St.,ESPN,12:00p,2.64,SEC vs  SEC,Florida,Mississippi St.,SEC,SEC
2024-09-21,Utah vs Oklahoma State,FOX,4:00p,2.14,P12 vs  B12,Utah,Oklahoma State,P12,B12
2024-09-21,Arkansas vs Auburn,ESPN,3:30p,2.02,SEC vs  SEC,Arkansas,Auburn,SEC,SEC
2024-09-21,NC State vs Clemson,ABC,12:00p,1.95,ACC vs  ACC,NC State,Clemson,ACC,ACC
2024-09-28,Georgia vs Alabama,ABC,7:30p,11.99,SEC vs  SEC,Georgia,Alabama,SEC,SEC
2024-09-28,Oklahoma vs Auburn,ABC,3:30p,5.04,SEC vs  SEC,Oklahoma,Auburn,SEC,SEC
2024-09-28,Colorado vs UCF,FOX,3:30p,4.17,B12 vs  B12,Colorado,UCF,B12,B12
2024-09-28,Kentucky vs Mississippi,ABC,12:00p,3.99,SEC vs  SEC,Kentucky,Mississippi,SEC,SEC
2024-09-28,Minnesota vs Michigan,FOX,12:00p,3.6,B10 vs  B10,Minnesota,Michigan,B10,B10
2024-09-27,Virginia Tech vs Miami,ESPN,7:30p,3.26,ACC vs  ACC,Virginia Tech,Miami,ACC,ACC
2024-09-27,Illinois vs Penn State,NBC,7:30p,3.09,B10 vs  B10,Illinois,Penn State,B10,B10
2024-09-27,Washington vs Rutgers,FOX,8:00p,1.93,B10 vs  B10,Washington,Rutgers,B10,B10
2024-09-28,Oklahoma State vs Kansas State,ESPN,12:00p,1.88,B12 vs  B12,Oklahoma State,Kansas State,B12,B12
2024-09-28,Arkansas vs Texas A&M,ESPN,3:30p,1.8,SEC vs  SEC,Arkansas,Texas A&M,SEC,SEC
2024-09-28,Tennessee vs Arkansas,ABC,7:30p,5.29,SEC vs  SEC,Tennessee,Arkansas,SEC,SEC
2024-10-05,Auburn vs Georgia,NBC,3:30p,4.93,SEC vs  SEC,Auburn,Georgia,SEC,SEC
2024-10-05,Iowa vs Ohio State,CBS,3:30p,4.46,B10 vs  B10,Iowa,Ohio State,B10,B10
2024-10-05,Michigan vs Washington,NBC,7:30p,4.04,B10 vs  B10,Michigan,Washington,B10,B10
2024-10-05,Missouri vs Texas A&M,ABC,7:00p,3.27,SEC vs  SEC,Missouri,Texas A&M,SEC,SEC
2024-10-04,Michigan State vs Oregon,FOX,9:00p,2.84,B10 vs  B10,Michigan State,Oregon,B10,B10
2024-10-05,UCLA vs Penn State,FOX,12:00p,2.75,B10 vs  B10,UCLA,Penn State,B10,B10
2024-10-11,Miami vs Cal,ESPN,10:30p,1.92,ACC vs  ACC,Miami,Cal,ACC,ACC
2024-10-05,Houston vs TCU,ESPN,7:30p,1.51,B12 vs  B12,Houston,TCU,B12,B12
2024-10-05,Clemson vs FSU,ESPN,12:00p,1.41,ACC vs  ACC,Clemson,FSU,ACC,ACC
2024-10-12,Ohio State vs Oregon,NBC,7:30p,9.6,B10 vs  B10,Ohio State,Oregon,B10,B10
2024-10-12,Texas vs Oklahoma,ABC,3:30p,7.63,SEC vs  SEC,Texas,Oklahoma,SEC,SEC
2024-10-12,South Carolina vs Alabama,ABC,12:00 p,6,SEC vs SEC,South Carolina,Alabama,SEC,SEC
2024-10-12,Penn State vs USC,CBS,3:30 p,4.28,B10 vs B10,Penn State,USC,B10,B10
2024-10-12,Mississippi vs LSU,ABC,7:30 p,4.24,SEC vs SEC,Mississippi,LSU,SEC,SEC
2024-10-12,Kansas State vs Colorado,ESPN,10:15 p,3.26,B12 vs B12,Kansas State,Colorado,B12,B12
2024-10-12,Florida vs Tennessee,ESPN,7:00 p,3.25,SEC vs SEC,Florida,Tennessee,SEC,SEC
2024-10-12,Washington vs Iowa,FOX,12:00 p,2.37,B10 vs B10,Washington,Iowa,B10,B10
2024-10-12,Stanford vs Notre Dame,NBC,3:30 p,1.87,ACC vs Independent,Stanford,Notre Dame,ACC,Independent
2024-10-12,Arizona vs BYU,FOX,4:00 p,1.31,B12 vs B12,Arizona,BYU,B12,B12
2024-10-12,Georgia vs Texas,ABC,7:30 p,13.19,SEC vs SEC,Georgia,Texas,SEC,SEC
2024-10-12,Alabama vs Tennessee,ABC,3:30 p,10.23,SEC vs SEC,Alabama,Tennessee,SEC,SEC
2024-10-12,Miami vs Louisville,ABC,12:00 p,4.07,ACC vs ACC,Miami,Louisville,ACC,ACC
2024-10-19,Nebraska vs Indiana,FOX,12:00 p,3.18,B10 vs B10,Nebraska,Indiana,B10,B10
2024-10-19,Michigan vs Illinois,CBS,3:30 p,3.01,B10 vs B10,Michigan,Illinois,B10,B10
2024-10-19,Auburn vs Missouri,ESPN,12:00 p,2.45,SEC vs SEC,Auburn,Missouri,SEC,SEC
2024-10-19,Oregon vs Purdue,FOX,8:00 p,2.15,B10 vs B10,Oregon,Purdue,B10,B10
2024-10-19,Colorado vs Arizona,FOX,2:00 p,2.02,B12 vs B12,Colorado,Arizona,B12,B12
2024-10-18,Oklahoma State vs BYU,ESPN,10:15 p,1.66,B12 vs B12,Oklahoma State,BYU,B12,B12
2024-10-19,Notre Dame vs Georgia Tech,ESPN,3:30 p,1.59,Independent vs ACC,Notre Dame,Georgia Tech,Independent,ACC
2024-10-26,Nebraska vs Ohio State,FOX,12:00 p,5.96,B10 vs B10,Nebraska,Ohio State,B10,B10
2024-10-25,Rutgers vs USC,FOX,11:00 p,2.01,B10 vs B10,Rutgers,USC,B10,B10
2024-10-26,Missouri vs Alabama,ABC,3:30 p,5.54,SEC vs SEC,Missouri,Alabama,SEC,SEC
2024-10-26,LSU vs Texas A&M,ABC,7:30 p,5.06,SEC vs SEC,LSU,Texas A&M,SEC,SEC
2024-10-26,Penn State vs Wisconsin,NBC,7:30 p,3.34,B10 vs B10,Penn State,Wisconsin,B10,B10
2024-10-26,Notre Dame vs Navy,ABC,12:00 p,2.79,Independent vs AA,Notre Dame,Navy,Independent,AA
2024-10-26,Illinois vs Oregon,CBS,3:30 p,2.75,B10 vs B10,Illinois,Oregon,B10,B10
2024-10-26,Oklahoma vs Mississippi,ESPN,12:00 p,2.6,SEC vs SEC,Oklahoma,Mississippi,SEC,SEC
2024-10-26,Texas Tech vs TCU,FOX,3:30 p,2.36,B12 vs B12,Texas Tech,TCU,B12,B12
2024-10-26,Cincinnati vs Colorado,ESPN,10:15 p,2.34,B12 vs B12,Cincinnati,Colorado,B12,B12
